URL,Last crawled
https://www.trvel.co/ms-my/blog/esim-australia-untuk-traveler-indonesia,2026-01-03
https://www.trvel.co/en-gb/blog/esim-australia-untuk-traveler-indonesia,2026-01-03
https://www.trvel.co/en-au/blog/esim-australia-untuk-traveler-indonesia,2026-01-03
https://www.trvel.co/en-us/blog/esim-australia-untuk-traveler-indonesia,2026-01-03
https://www.trvel.co/en-sg/blog/esim-australia-untuk-traveler-indonesia,2026-01-03
https://www.trvel.co/en-au/refunds,2026-01-03
https://www.trvel.co/about,2026-01-03
https://www.trvel.co/day,2026-01-03
https://www.trvel.co/hari,2026-01-03
https://www.trvel.co/en-sg/refunds,2026-01-03
https://www.trvel.co/en-sg/about,2026-01-03
https://www.trvel.co/en-us/about,2026-01-03
https://www.trvel.co/en-au/about,2026-01-03
https://www.trvel.co/en-gb/about,2026-01-03
https://www.trvel.co/id-id/refunds,2026-01-02
https://www.trvel.co/refunds,2026-01-02
https://www.trvel.co/en-gb/en-gb/get-started,2026-01-02
https://www.trvel.co/id-id/blog/panduan-lengkap-guna-esim-untuk-travel,2026-01-02
https://www.trvel.co/en-gb/refunds,2026-01-02
https://www.trvel.co/en-us/refunds,2026-01-02
https://www.trvel.co/id-id/about,2026-01-02
https://www.trvel.co/en-gb/blog/how-to-use-esim-overseas-aussie-guide,2026-01-02
https://www.trvel.co/en-us/blog/esim-thailand-untuk-pelancong-malaysia,2026-01-02
https://www.trvel.co/id-id/blog/esim-thailand-untuk-pelancong-malaysia,2026-01-02
https://www.trvel.co/en-au/blog/esim-china-untuk-malaysia-panduan-lengkap,2025-12-31
https://www.trvel.co/en-au/blog/esim-thailand-untuk-pelancong-malaysia,2025-12-31
https://www.trvel.co/en-sg/blog/esim-thailand-untuk-pelancong-malaysia,2025-12-31
https://www.trvel.co/en-gb/blog/esim-eropa-wisatawan-indonesia,2025-12-31
https://www.trvel.co/en-gb/blog/esim-thailand-untuk-pelancong-malaysia,2025-12-31
https://www.trvel.co/en-sg/blog/esim-eropa-wisatawan-indonesia,2025-12-31
https://www.trvel.co/en-sg/blog/esim-thailand-untuk-traveler-indonesia,2025-12-31
https://www.trvel.co/en-au/blog/esim-thailand-untuk-traveler-indonesia,2025-12-30
https://www.trvel.co/en-us/blog/esim-china-untuk-malaysia-panduan-lengkap,2025-12-30
https://www.trvel.co/id-id/blog/esim-china-untuk-malaysia-panduan-lengkap,2025-12-30
https://www.trvel.co/en-sg/blog/panduan-lengkap-guna-esim-untuk-travel,2025-12-29
https://www.trvel.co/en-au/blog/esim-eropa-indonesia-panduan-lengkap,2025-12-28
https://www.trvel.co/en-us/blog/thailand-esim-uk,2025-12-27
https://www.trvel.co/en-sg/blog/effortless-connectivity-bali-esim-british-travellers,2025-12-27
https://www.trvel.co/en-au/blog/australia-esim-uk-guide,2025-12-25
https://www.trvel.co/en-au/blog/panduan-lengkap-guna-esim-untuk-travel,2025-12-25
https://www.trvel.co/en-gb/blog/panduan-lengkap-guna-esim-untuk-travel,2025-12-25
https://www.trvel.co/en-sg/blog/seamless-connectivity-south-korea-esim,2025-12-24