Campaign,Keyword,Match Type
Search - Travel eSIM - AU,free,Broad
Search - Travel eSIM - AU,cheap,Broad
Search - Travel eSIM - AU,cheapest,Broad
Search - Travel eSIM - AU,download,Broad
Search - Travel eSIM - AU,what is esim,Broad
Search - Travel eSIM - AU,esim meaning,Broad
Search - Travel eSIM - AU,how does esim work,Broad
Search - Travel eSIM - AU,esim app,Broad
Search - Travel eSIM - AU,android app,Broad
Search - Travel eSIM - AU,iphone app,Broad
Search - Travel eSIM - AU,airalo,Broad
Search - Travel eSIM - AU,holafly,Broad
Search - Travel eSIM - AU,nomad esim,Broad
Search - Travel eSIM - AU,esim vs sim,Broad
Search - Travel eSIM - AU,esim tutorial,Broad
Search - Travel eSIM - AU,sim card slot,Broad
Search - Travel eSIM - AU,physical sim,Broad
Search - Travel eSIM - AU,dual sim,Broad
Search - Travel eSIM - AU,sim tray,Broad
Search - Travel eSIM - AU,esim activation,Broad
Search - Travel eSIM - AU,esim not working,Broad
Search - Travel eSIM - AU,esim problems,Broad
Search - Travel eSIM - AU,telstra esim,Broad
Search - Travel eSIM - AU,optus esim,Broad
Search - Travel eSIM - AU,vodafone esim,Broad
Search - Travel eSIM - AU,esim australia,Broad
Search - Travel eSIM - AU,local esim,Broad
Search - Travel eSIM - AU,wifi hotspot,Broad
Search - Travel eSIM - AU,pocket wifi,Broad
Search - Travel eSIM - AU,rental,Broad
Search - Travel eSIM - AU,rent,Broad
Search - Travel eSIM - AU,review,Broad
Search - Travel eSIM - AU,reviews,Broad
Search - Travel eSIM - AU,reddit,Broad
Search - Travel eSIM - AU,comparison,Broad
Search - Travel eSIM - AU,compare,Broad
Search - Travel eSIM - AU,best,Broad
Search - Travel eSIM - AU,top 10,Broad
Search - Travel eSIM - AU,job,Broad
Search - Travel eSIM - AU,jobs,Broad
Search - Travel eSIM - AU,career,Broad
Search - Travel eSIM - AU,salary,Broad
