Campaign,Ad Group,Negative Keyword,Match Type
Search - Travel eSIM - AU,,free,Broad
Search - Travel eSIM - AU,,cheap,Broad
Search - Travel eSIM - AU,,cheapest,Broad
Search - Travel eSIM - AU,,unlimited,Broad
Search - Travel eSIM - AU,,airalo,Broad
Search - Travel eSIM - AU,,holafly,Broad
Search - Travel eSIM - AU,,download,Broad
Search - Travel eSIM - AU,,what is esim,Broad
Search - Travel eSIM - AU,,esim meaning,Broad
Search - Travel eSIM - AU,,how does esim work,Broad
Search - Travel eSIM - AU,,esim app,Broad
Search - Travel eSIM - AU,,android app,Broad
Search - Travel eSIM - AU,,iphone app,Broad
